feature,importance
spi3,0.22949537478565904
rainfall_mm_lag1,0.06552295032076907
rainfall_mm,0.06096260129190138
rainfall_mm_lag2,0.04975741408771022
rainfall_3month,0.03748179563699549
evaporation_mm,0.03718196504458455
rainfall_mm_lag3,0.034922745175067056
evaporation_mm_lag2,0.034324232709919404
temperature_c,0.034287048621459724
evaporation_mm_lag1,0.03394136790686936
temperature_c_lag3,0.03284393545834152
temperature_c_lag1,0.03185701259507122
soil_moisture_lag3,0.03149627334874692
soil_moisture_lag2,0.031246052937544903
temperature_c_lag2,0.030939696304595306
evaporation_mm_lag3,0.030819655882910885
soil_moisture,0.028973020123878555
ndvi_lag3,0.025217353552391932
ndvi,0.024720852809573316
soil_moisture_lag1,0.024620161797578123
month_cos,0.024330584992818056
ndvi_lag1,0.023803646755799057
ndvi_lag2,0.02228633103340061
month_sin,0.018967926826414332
