province,district,latitude,longitude,geocoded_address
Balochistan,Awaran District,26.4555,65.2312,"آواران, تحصیل آواران, ضلع آواران, قلات ڈویژن, بلوچستان, پاکستان"
Balochistan,Barkhan District,29.9003125,69.5230398,"بارخان, تحصیل بارخان, ضلع بارخان, لورالائی ڈویژن, بلوچستان, 84400, پاکستان"
Balochistan,Bolan District,29.2970384,67.7105592,"ضلع کچّھی, نصیرآباد ڈویژن, بلوچستان, 81250, پاکستان"
Balochistan,Chagai District,28.8862314,63.441521,"ضلع چاغی, رخشان ڈویژن, بلوچستان, پاکستان"
Balochistan,Dera Bugti District,29.0348272,69.1631064,"ڈیرہ بگٹی, تحصیل ڈیرہ بگٹی, ضلع ڈیرہ بگٹی, سبی ڈویژن, بلوچستان, 80100, پاکستان"
Balochistan,Gwadar District,25.1479816,62.3254553,"گوادر, تحصیل گوادر, ضلع گوادر, مکران ڈویژن, بلوچستان, 91200, پاکستان"
Balochistan,Jaffarabad District,28.1580698,67.8822923,"جعفرآباد Jaffa, تحصیل اوستہ محمد, ضلع جعفر آباد, نصیرآباد ڈویژن, بلوچستان, پاکستان"
Balochistan,Jhal Magsi District,28.2818084,67.4522969,"Jhal Magsi, Hathiari Road, Hatiari, تحصیل جھل مگسی, ضلع جھل مگسی, نصیرآباد ڈویژن, بلوچستان, پاکستان"
Balochistan,Kalat District,29.029138,66.5887761,"قلات, تحصیل قلات, ضلع قلات, قلات ڈویژن, بلوچستان, 88300, پاکستان"
Balochistan,Kech District,26.0290067,63.5745853,"دریائے کیچ, بلوچستان, پاکستان"
Balochistan,Kharan District,28.5807325,65.4207071,"خاران, تحصیل خاران, ضلع خاران, رخشان ڈویژن, بلوچستان, 94100, پاکستان"
Balochistan,Khuzdar District,27.8000135,66.6166537,"خضدار, تحصیل خضدار, ضلع خضدار, قلات ڈویژن, بلوچستان, 89100, پاکستان"
Balochistan,Killa Abdullah District,30.7345692,66.6525545,"قلعہ عبداللہ, قومی شاہراہ 25, قلعہ عبداللہ, تحصیل قلعہ عبداللہ, ضلع قلعہ عبداللہ, کوئٹہ ڈویژن, بلوچستان, 86200, پاکستان"
Balochistan,Killa Saifullah District,30.7,68.36,Historical administrative area - representative point
Balochistan,Kohlu District,29.8966101,69.2524972,"کوہلو, تحصیل کوہلو, ضلع کوہلو, سبی ڈویژن, بلوچستان, 83000, پاکستان"
Balochistan,Lasbela District,25.75,66.583333,"Lasbela District, قلات ڈویژن, بلوچستان, پاکستان"
Balochistan,Loralai District,30.366865,68.6000654,"لورالائی, تحصیل لورالائی, ضلع لورالائی, لورالائی ڈویژن, بلوچستان, 84800, پاکستان"
Balochistan,Mastung District,29.7990934,66.8475932,"مستونگ, تحصیل مستونگ, ضلع مستونگ, قلات ڈویژن, بلوچستان, 88200, پاکستان"
Balochistan,Musakhel District,30.8913024,69.9459207,"ضلع موسی‌ خیل, لورالائی ڈویژن, بلوچستان, پاکستان"
Balochistan,Nasirabad District,26.078758,62.7227649,"ناصر آباد, تحصیل تربت, ضلع کیچ, مکران ڈویژن, بلوچستان, پاکستان"
Balochistan,Panjgur District,26.9616074,64.1153339,"پنجگور, تحصیل پنجگور, ضلع پنجگور, مکران ڈویژن, بلوچستان, پاکستان"
Balochistan,Pishin District,30.5828663,66.9966427,"پشین, تحصیل پشین, ضلع پشین, کوئٹہ ڈویژن, بلوچستان, 86700, پاکستان"
Balochistan,Quetta District,30.1916268,67.0007561,"کوئٹہ, Station road Quetta, Brahimzai, تحصیل کوئٹہ شہر, ضلع کوئٹہ, کوئٹہ ڈویژن, بلوچستان, 97300, پاکستان"
Balochistan,Sibi District,29.5500097,67.8833398,"سبی, تحصیل سبی, ضلع سبی, سبی ڈویژن, بلوچستان, 82000, پاکستان"
Balochistan,Zhob District,31.3397058,69.4476997,"ژوب, تحصیل ژوب, ضلع ژوب, ژوب ڈویژن, بلوچستان, 85200, پاکستان"
Balochistan,Ziarat District,30.3827026,67.7252266,"زیارت, تحصیل زیارت, ضلع زیارت, سبی ڈویژن, بلوچستان, پاکستان"
Federally Administered Tribal Areas,Bajaur Agency,34.7763887,71.5144196,"ضلع باجوڑ, مالاکنڈ ڈویژن, خیبر پختونخوا, پاکستان"
Federally Administered Tribal Areas,Khyber Agency,34.0,71.0,"Khyber Agency, پشاور ڈویژن, خیبر پختونخوا, پاکستان"
Federally Administered Tribal Areas,Kurram Agency,33.75,70.333333,"Kurram Agency, کوہاٹ ڈویژن, خیبر پختونخوا, پاکستان"
Federally Administered Tribal Areas,Mohmand Agency,34.445445,71.3714923,"ضلع مہمند, پشاور ڈویژن, خیبر پختونخوا, پاکستان"
Federally Administered Tribal Areas,North Waziristan Agency,33.0,70.0,"North Wazīristān Agency, بنوں ڈویژن, خیبر پختونخوا, پاکستان"
Federally Administered Tribal Areas,Orakzai Agency,33.666667,71.0,"Orakzai Agency, کوہاٹ ڈویژن, خیبر پختونخوا, پاکستان"
Federally Administered Tribal Areas,South Waziristan Agency,32.333333,69.75,"South Wazīristān Agency, ڈیرہ اسماعیل خان ڈویژن, خیبر پختونخوا, پاکستان"
Federally Administered Tribal Areas,T.A.Adj.Lakki Marwat District,32.61,70.91,Historical administrative area - representative point
Federally Administered Tribal Areas,Tribal Area Adj Bannu District,33.0,70.5,Historical administrative area - representative point
Federally Administered Tribal Areas,Tribal Area Adj D.I.Khan Distt,31.95,70.5,Historical administrative area - representative point
Federally Administered Tribal Areas,Tribal Area Adj Kohat District,33.45,71.25,Historical administrative area - representative point
Federally Administered Tribal Areas,Tribal Area Adj Peshawar Distt,33.95,71.3,Historical administrative area - representative point
Federally Administered Tribal Areas,Tribal Area Adj Tank Distt,32.15,70.25,Historical administrative area - representative point
Islamabad,Islamabad District,33.6938118,73.0651511,"اسلام آباد, زون 1, وفاقی دارالحکومت اسلام آباد, 44000, پاکستان"
North-West Frontier,Abbottabad District,34.1436136,73.2132747,"ایبٹ آباد, تحصیل ایبٹ آباد, ضلع ایبٹ آباد, ہزارہ ڈویژن, خیبر پختونخوا, 22010, پاکستان"
North-West Frontier,Bannu District,32.9857007,70.6036017,"بنوں, تحصیل بنوں, ضلع بنوں, بنوں ڈویژن, خیبر پختونخوا, 28100, پاکستان"
North-West Frontier,Batagram District,34.2193996,71.6260552,"بٹگرام, تحصیل شب قدر, ضلع چارسدہ, پشاور ڈویژن, خیبر پختونخوا, پاکستان"
North-West Frontier,Buner District,34.4984254,72.4632778,"Buner Medical Complex, کڑپہ, تحصیل ڈگر, ضلع بونیر, مالاکنڈ ڈویژن, خیبر پختونخوا, پاکستان"
North-West Frontier,Charsadda District,34.150946,71.7592937,"چارسدہ, Mardan to Charsadda Road, پڑانگ, چارسدہ, تحصیل چارسدہ, ضلع چارسدہ, پشاور ڈویژن, خیبر پختونخوا, 24000, پاکستان"
North-West Frontier,Chitral District,35.850889,71.7901897,"چترال, تحصیل چترال, ضلع چترال زیریں, ضلع چترال, مالاکنڈ ڈویژن, خیبر پختونخوا, پاکستان"
North-West Frontier,D. I. Khan District,31.745465,70.974226,"D.I. Khan Road, داجل, تحصیل بھکر, ضلع بھکر, میانوالی ڈویژن, پنجاب, پاکستان"
North-West Frontier,Hangu District,33.527996,71.0575407,"ہنگو, تحصیل ہنگو, ضلع ہنگو, کوہاٹ ڈویژن, خیبر پختونخوا, 26190, پاکستان"
North-West Frontier,Haripur District,33.9944889,72.9331737,"ہری پور, تحصیل ہری پور, ضلع ہری پور, ہزارہ ڈویژن, خیبر پختونخوا, 22620, پاکستان"
North-West Frontier,Karak District,33.1160464,71.0950863,"کرک, تحصیل کرک, ضلع کرک, کوہاٹ ڈویژن, خیبر پختونخوا, 27200, پاکستان"
North-West Frontier,Kohat District,33.5967144,71.4399944,"کوہاٹ, تحصیل کوہاٹ, ضلع کوہاٹ, کوہاٹ ڈویژن, خیبر پختونخوا, پاکستان"
North-West Frontier,Kohistan District,35.4319364,73.2430308,"ضلع بالائی کوہستان, ہزارہ ڈویژن, خیبر پختونخوا, 20100, پاکستان"
North-West Frontier,Lakki Marwat District,32.6056744,70.9113526,"لکی مروت, ضلع لکی مروت, بنوں ڈویژن, خیبر پختونخوا, پاکستان"
North-West Frontier,Lower Dir District,35.0933208,72.0178486,"Lower Dīr District, مالاکنڈ ڈویژن, خیبر پختونخوا, 18000, پاکستان"
North-West Frontier,Malakand Protected Area,34.56,71.93,Historical administrative area - representative point
North-West Frontier,Mansehra District,34.3286855,73.1993125,"مانسہرہ, تحصیل مانسہرہ, ضلع مانسہرہ, ہزارہ ڈویژن, خیبر پختونخوا, پاکستان"
North-West Frontier,Mardan District,34.1937969,72.0451467,"مردان, تحصیل مردان, ضلع مردان, مردان ڈویژن, خیبر پختونخوا, 23200, پاکستان"
North-West Frontier,Nowshera District,34.0155606,71.981283,"نوشہرہ, تحصیل نوشہرہ, ضلع نوشہرہ, پشاور ڈویژن, خیبر پختونخوا, 24100, پاکستان"
North-West Frontier,Peshawar District,34.0123846,71.5787458,"تحصیل پشاور شہر, ضلع پشاور‎, پشاور ڈویژن, خیبر پختونخوا, پاکستان"
North-West Frontier,Shangla District,34.956944,72.848056,"شانگلہ, مالاکنڈ ڈویژن, خیبر پختونخوا, 20500, پاکستان"
North-West Frontier,Swabi District,34.1262144,72.4743164,"صوابی, تحصیل صوابی, ضلع صوابی, مردان ڈویژن, خیبر پختونخوا, پاکستان"
North-West Frontier,Swat District,35.2324749,72.511635,"ضلع سوات, مالاکنڈ ڈویژن, خیبر پختونخوا, پاکستان"
North-West Frontier,Tank District,32.2096916,70.3881146,"ٹانک, تحصیل ٹانک, ضلع ٹانک, ڈیرہ اسماعیل خان ڈویژن, خیبر پختونخوا, پاکستان"
North-West Frontier,Upper Dir District,35.4050022,72.1144401,"ضلع دیر بالا, مالاکنڈ ڈویژن, خیبر پختونخوا, پاکستان"
Punjab,Attock District,33.7695323,72.3610911,"اٹک, تحصیل اٹک, ضلع اٹک, راولپنڈی ڈویژن, پنجاب, 43600, پاکستان"
Punjab,Bahawalnagar District,29.9935922,73.2527621,"بہاولنگر, تحصیل بہاولنگر, ضلع بہاولنگر, بہاولپور ڈویژن, پنجاب, 62300, پاکستان"
Punjab,Bahawalpur District,29.40295,71.6523454,"بہاولپور ریلوے اسٹیشن, ریلوے روڈ, Bahawalpur Railway Station, Model Town B, تحصیل بہاولپور شہر, ضلع بہاولپور, بہاولپور ڈویژن, پنجاب, 06319, پاکستان"
Punjab,Bhakkar District,31.6221111,71.0650584,"بھکر, ریلوے روڈ, بهكّر, تحصیل بھکر, ضلع بھکر, میانوالی ڈویژن, پنجاب, پاکستان"
Punjab,Chakwal District,32.932827,72.8629763,"چکوال, تحصیل چکوال, ضلع چکوال, راولپنڈی ڈویژن, پنجاب, 48300, پاکستان"
Punjab,Dera Ghazi Khan District,30.0321374,70.6401114,"ڈیرہ غازی خان, تحصِيل ڈيره غازى خان, ضلع ڈيره غازى خان, ڈیرہ غازی خان ڈویژن, پنجاب, پاکستان"
Punjab,Faisalabad District,31.4220558,73.0923253,"تحصیل فیصل آباد شہر, ضلع فیصل آباد, فیصل آباد ڈویژن, پنجاب, پاکستان"
Punjab,Gujranwala District,32.1525312,74.1933745,"تحصیل گوجرانوالہ شہر, ضلع گوجرانوالہ, گوجرانوالہ ڈویژن, پنجاب, پاکستان"
Punjab,Gujrat District,32.5627852,74.064535,"گجرات ریلوے اسٹیشن, Kalra Dewan Singh Road, Lundpur, گجرات, تحصیل گجرات, ضلع گجرات, گجرات ڈویژن, پنجاب, 50680, پاکستان"
Punjab,Hafizabad District,32.0719134,73.6884523,"حافظ آباد, تحصیل حافظ آباد, ضلع حافظ آباد, گجرات ڈویژن, پنجاب, 52110, پاکستان"
Punjab,Jhang District,31.2728805,72.3103071,"جھنگ, تحصيل جھنگ, ضلع جھنگ, فیصل آباد ڈویژن, پنجاب, 08871, پاکستان"
Punjab,Jhelum District,32.9292155,73.7258593,"جہلم ریلوے اسٹیشن, ریلوے اسٹیشن روڈ, Jhelum City, جہلم چھاؤنی, جہلم, تحصیل جہلم, ضلع جہلم, راولپنڈی ڈویژن, پنجاب, 49600, پاکستان"
Punjab,Kasur District,31.1175143,74.4478314,"قصور, تحصیل قصور, ضلع قصور, لاہور ڈویژن, پنجاب, 55050, پاکستان"
Punjab,Khanewal District,30.3022528,71.9278916,"خانیوال, ضلع خانیوال, ملتان ڈویژن, پنجاب, 58150, پاکستان"
Punjab,Khushab District,32.2903666,72.3515792,"خوشاب, تحصیل خوشاب, ضلع خوشاب, سرگودھا ڈویژن, پنجاب, پاکستان"
Punjab,Lahore District,31.5656822,74.3141829,"لاہور, تحصیل لاہور شہر, ضلع لاہور, لاہور ڈویژن, پنجاب, 54100, پاکستان"
Punjab,Layyah District,30.9681007,70.9433836,"لیہ, ریلوے روڈ, لیہ, تحصیل لیہ, ضلع لیہ, ڈیرہ غازی خان ڈویژن, پنجاب, 31200, پاکستان"
Punjab,Lodhran District,29.5390395,71.6344196,"تحصیل لودھراں, ضلع لودھراں, ملتان ڈویژن, پنجاب, 59320, پاکستان"
Punjab,Mandi Bahauddin District,32.5846351,73.4914169,"منڈی بہاؤالدین, تحصیل منڈی بہاؤالدین, ضلع منڈی بہاؤالدین, گجرات ڈویژن, پنجاب, 50400, پاکستان"
Punjab,Mianwali District,32.5793897,71.5353168,"میانوالی, بینک اسٹریٹ, Daud Khel, Wandhi Ghund Wali, تحصیل میانوالی, ضلع میانوالی, میانوالی ڈویژن, پنجاب, پاکستان"
Punjab,Multan District,30.197838,71.4719683,"ملتان, Gulshan, ضلع ملتان, ملتان ڈویژن, پنجاب, 66000, پاکستان"
Punjab,Muzaffargarh District,30.0743097,71.1906224,"مظفر گڑھ, تحصیل مظفر گڑھ, ضلع مظفر گڑھ, ڈیرہ غازی خان ڈویژن, پنجاب, پاکستان"
Punjab,Narowal District,32.1009752,74.872238,"نارووال, تحصیل نارووال, ضلع نارووال, گوجرانوالہ ڈویژن, پنجاب, پاکستان"
Punjab,Okara District,30.8091281,73.4493301,"اوکاڑہ, تحصیل اوکاڑہ, ضلع اوکاڑہ, ساہیوال ڈویژن, پنجاب, 42000, پاکستان"
Punjab,Pakpattan District,30.3550157,73.3951195,"پاکپتن, Rehbar Street, پاکپتّن, تحصیل پاکپتن, ضلع پاکپتن, ساہیوال ڈویژن, پنجاب, پاکستان"
Punjab,Rahim Yar Khan District,28.4225413,70.3034237,"رحیم یار خان ریلوے اسٹیشن, Railway Service Road, رحیم یار خان, تحصیل رحیم یار خان, ضلع رحیم یار خان, بہاولپور ڈویژن, پنجاب, 64200, پاکستان"
Punjab,Rajanpur District,29.1002542,70.3378699,"راجن پور, قومی شاہراہ 55, راجن پور, تحصیل راجن پور, ضلع راجن پور, ڈیرہ غازی خان ڈویژن, پنجاب, 33500, پاکستان"
Punjab,Rawalpindi District,33.5915446,73.053721,"راولپنڈی, صدر, تحصیل راولپنڈی شہر, ضلع راولپنڈی, راولپنڈی ڈویژن, پنجاب, 23451, پاکستان"
Punjab,Sahiwal District,30.6715098,73.1110572,"ساہِيوال, تحصیل ساہیوال, ضلع ساہیوال, ساہیوال ڈویژن, پنجاب, پاکستان"
Punjab,Sargodha District,32.0836514,72.676461,"سرگودھا, فاطمہ جناح روڈ, Maqam-e-Hayat, سرگودھا, تحصیل سرگودھا, ضلع سرگودھا, سرگودھا ڈویژن, پنجاب, 40162, پاکستان"
Punjab,Sheikhupura District,31.7085285,73.9864014,"شیخوپورہ, تحصیل شیخوپورہ, ضلع شیخوپورہ, لاہور ڈویژن, پنجاب, 39350, پاکستان"
Punjab,Sialkot District,32.4944866,74.5415636,"سیالکوٹ, تحصیل سیالکوٹ, ضلع سیالکوٹ, گوجرانوالہ ڈویژن, پنجاب, 51430, پاکستان"
Punjab,Toba Tek Singh District,30.9777056,72.4860799,"ٹوبہ ٹیک سنگھ‎, تحصیل ٹوبہ ٹیک سنگھ, ضلع ٹوبہ ٹیک سنگھ, فیصل آباد ڈویژن, پنجاب, 36050, پاکستان"
Punjab,Vehari District,30.044927,72.3500952,"وہاڑی, Railway Station road, وہاڑی, تحصیل وہاڑی, ضلع وہاڑی, ملتان ڈویژن, پنجاب, 61100, پاکستان"
Sindh,Badin District,24.6623289,68.8384724,"بدين, حیدرآباد سڑک, بدين, تعلقہ بدین, ضلع بدین, بنبھور ڈویژن, سندھ, 72200, پاکستان"
Sindh,Dadu District,26.7274836,67.7804974,"دادو, تعلقہ دادو, ضلع دادو, حیدر آباد ڈویژن, سندھ, پاکستان"
Sindh,Ghotki District,27.9940699,69.3134173,"گھوٹکی, Ghotki Khanpur Road, عادل پور, تعلقہ گھوٹکی, ضلع گھوٹکی, سکھر ڈویژن, سندھ, پاکستان"
Sindh,Hyderabad District,25.4075358,68.3613456,"حیدرآباد, ضلع حیدرآباد, حیدر آباد ڈویژن, سندھ, پاکستان"
Sindh,Jacobabad District,28.2813094,68.4364361,"جیکب آباد, تعلقہ جیکب آباد, ضلع جیکب آباد, لاڑکانہ ڈویژن, سندھ, 79000, پاکستان"
Sindh,Karachi Central District,24.8921494,67.1009222,"College of Physicians and Surgeons Pakistan, 7th Central Street, 2 ڈی ایچ اے فیز, ڈیفنس, ضلع کراچی, کراچی ڈویژن, سندھ, 75220, پاکستان"
Sindh,Karachi East District,24.8381531,67.067704,"Mustang Pakistan Head Office, 12th Street East, 1 ڈی ایچ اے فیز, صدر ٹاؤن, ضلع کراچی, کراچی ڈویژن, سندھ, 75220, پاکستان"
Sindh,Karachi South District,24.8667576,67.0173066,"Civil Defence Office, Karachi South, V288+QW, Dalal Street, رامسوامی, لیاری ٹاؤن, ضلع کراچی, کراچی ڈویژن, سندھ, 74550, پاکستان"
Sindh,Karachi West District,24.849762,66.9832041,"Pakistan Industries Limited Godown, ویسٹ وارف, کیماڑی ٹاؤن, ضلع کیماڑی, کراچی ڈویژن, سندھ, پاکستان"
Sindh,Khairpur District,27.5204873,68.7383149,"خیرپور, Phool Bagh Road, خیرپور, تعلقہ خیرپور, ضلع خیرپور, سکھر ڈویژن, سندھ, 89000, پاکستان"
Sindh,Larkana District,27.5564798,68.2101509,"لاڑکانہ, تعلقہ لاڑکانہ, ضلع لاڑکانہ, لاڑکانہ ڈویژن, سندھ, 77150, پاکستان"
Sindh,Malir District,24.8773046,67.1902424,"ملیر, Jamia Milla Road, Muslimabad, ملیر ٹاؤن, ضلع ملیر, کراچی ڈویژن, سندھ, 75210, پاکستان"
Sindh,Mirpur Khas District,25.5263882,69.0112387,"تعلقہ میرپور خاص, ضلع میرپور خاص, میرپور خاص ڈویژن, سندھ, 69000, پاکستان"
Sindh,Naushahro Feroze District,26.8400538,68.1188286,"نوشہرو فیروز, تعلقہ نوشہرو فیروز, ضلع نوشہرو فیروز, شہید بینظیر آباد ڈویژن, سندھ, پاکستان"
Sindh,Nawabshah District,26.2452915,68.4040229,"نوابشاہ, تعلقہ نوابشاہ, ضلع شہید بینظیر آباد, شہید بینظیر آباد ڈویژن, سندھ, پاکستان"
Sindh,Sanghar District,26.0470447,68.9492402,"سانگھڑ‎, تعلقہ سانگھڑ, ضلع سانگھڑ, شہید بینظیر آباد ڈویژن, سندھ, پاکستان"
Sindh,Shikarpur District,27.9579085,68.6467484,"شکارپور, Jacobabad Road, پرانا صدر, شکارپور, تعلقہ شكارپور, ضلع شکارپور, لاڑکانہ ڈویژن, سندھ, پاکستان"
Sindh,Sukkur District,27.7007522,68.8663081,"سكهر, New Pind Bridge, New Pind Sukkur(Old Railway Depot), سکھر, تعلقہ سکھر شہر, ضلع سکھر, سکھر ڈویژن, سندھ, 65200, پاکستان"
Sindh,Tharparkar District,24.941816,70.2397391,"ضلع تھرپارکر, میرپور خاص ڈویژن, سندھ, پاکستان"
Sindh,Thatta District,24.7469,67.9240283,"ٹھٹہ, تعلقہ ٹھٹہ, ضلع ٹھٹہ, بنبھور ڈویژن, سندھ, 73130, پاکستان"
Sindh,Umer Kot District,31.508082,73.6864539,"عمر کوٹ, تحصيل ننكانہ صاحب, ضلع ننكانہ صاحب, لاہور ڈویژن, پنجاب, پاکستان"
