date,province,district,rainfall_mm,rainfall_3month,spi3,soil_moisture,ndvi,temperature_c,evaporation_mm,drought_probability,risk_level
2026-08-01,Sindh,Jacobabad District,8.477793712882118,24.53360625975014,-0.3059653576471038,0.1332701738382051,0.3516702430383651,33.982412551664346,5.491221002493022,0.8223805706101136,Severe
2026-08-01,Sindh,Dadu District,16.61855004048583,36.67572113204182,-0.187737756674739,0.1331687472223746,0.1072501610175653,32.04845933156484,7.659105711319737,0.8125675931221612,Severe
2026-08-01,Sindh,Larkana District,5.194585779656539,25.64472733695533,-0.2371791282469692,0.1371710578695227,0.2143113809765215,34.2364288387428,5.114297732587271,0.761279030468361,Severe
2026-08-01,Sindh,Nawabshah District,19.074780702080087,35.926289395070455,-0.1435937713442543,0.1326685636531417,0.3225439129068791,33.1650713515765,5.856563674631201,0.7506926566090055,Severe
2026-08-01,Sindh,Sukkur District,13.341747552263284,40.0342644647566,-0.0085756327669605,0.1379109054883339,0.177890952507267,34.138213083937615,4.455010249786988,0.7503990566922741,Severe
2026-08-01,Sindh,Naushahro Feroze District,10.64030134735063,24.64621185526625,-0.2480038782062613,0.1214480790959922,0.3843220389883728,33.94006474623723,3.442480215747824,0.6920187914663825,Severe
2026-08-01,Sindh,Shikarpur District,6.609392202253638,17.759829988089948,-0.3763561506310586,0.1346017307768967,0.3413315599712652,33.918919770556094,2.856543762867642,0.6907351734084664,Severe
2026-08-01,Punjab,Rajanpur District,26.252464812680422,80.43454031678253,0.1886947787623006,0.1377931540069001,0.1939351646878854,33.76473449314521,16.198174417844488,0.6857312870471907,Severe
2026-08-01,Sindh,Khairpur District,20.11055349403806,53.59856203245728,0.0159599639500033,0.1433271266246419,0.160316815546099,33.0485865150202,7.852082307162663,0.6752243651936125,Severe
2026-08-01,Federally Administered Tribal Areas,Mohmand Agency,38.10437935060923,103.12959367596338,-0.4914795620092294,0.1800253420733019,0.1869575509787296,28.81267066777749,91.90492537614466,0.6628750806606614,Severe
2026-08-01,Balochistan,Dera Bugti District,25.082313177259337,67.42455824002042,0.0611321874862514,0.1503487955255142,0.0991011608652545,33.324653992848496,9.384775978071971,0.658461623407527,Severe
2026-08-01,Balochistan,Jaffarabad District,7.369287302164617,28.364836624922084,-0.1956060360543106,0.1357808559349095,0.219482672652484,34.38585107969739,1.7871378071762447,0.6364224936035223,Severe
2026-08-01,Balochistan,Nasirabad District,9.8671581551254,34.22389952661566,0.0100072234506288,0.1433957336681712,0.1354891231447626,35.09532124182484,2.6884097835321654,0.6208908858928514,Severe
2026-08-01,Balochistan,Killa Abdullah District,2.830257078770249,8.833191723354037,-0.8119000149229764,0.1332234851525731,0.0785123953990249,27.697514950488973,6.08368062431801,0.6131600745821382,Severe
2026-08-01,Balochistan,Chagai District,1.1129437803230258,1.4873121942954588,-0.7865565390373063,0.1171916094737135,0.0532398829240976,33.32529383142548,2.7163357105517227,0.5993607484997938,High
2026-08-01,Federally Administered Tribal Areas,Orakzai Agency,121.14497158789528,282.9700960574845,0.844131228624253,0.1921251814641474,0.4404741807626755,24.58354409113854,124.02323579447248,0.5955021992765113,High
2026-08-01,Balochistan,Lasbela District,13.787221536147086,32.61541698370815,-0.3169922574348059,0.1418249167385902,0.0438219663411908,28.77043350881059,7.531963151665418,0.5890645170055824,High
2026-08-01,Balochistan,Quetta District,3.7124022356863193,9.652739845347083,-0.8617196680136925,0.138306967002016,0.0767727222558474,27.280790843859027,4.98819116404527,0.5889042604620712,High
2026-08-01,Federally Administered Tribal Areas,Khyber Agency,85.02769008091938,199.9539432570083,0.1673224962614818,0.1847983010345144,0.3856266382308515,25.886710909518403,105.2195739533692,0.5777439006230286,High
2026-08-01,Balochistan,Khuzdar District,13.189510703491528,54.476853235397,-0.092846871233635,0.1467322846070825,0.1058861265160342,29.45512022872085,6.479244685251306,0.5726748042406613,High
2026-08-01,Balochistan,Sibi District,30.214676248626883,83.39305128601491,0.1047111293517152,0.1552600574977422,0.127948721386899,31.38413906318008,13.370755078381382,0.570700381662815,High
2026-08-01,Balochistan,Pishin District,6.203475965369116,18.019945047415455,-0.7597607301929831,0.1376433041975681,0.0784525643754773,25.52530059004157,4.788940377750777,0.5662503487726808,High
2026-08-01,Balochistan,Awaran District,6.536492477835336,32.28646194608515,-0.324495545327092,0.1299973520002418,0.0465059557319703,29.943002428464165,2.419076464685356,0.5465555801599811,High
2026-08-01,Balochistan,Bolan District,15.532899942552246,44.78851471288392,-0.0351767342633314,0.144799631122764,0.0685514129502692,34.77107509966018,7.540696652356698,0.5385010447051242,High
2026-08-01,Balochistan,Gwadar District,2.461623166691925,4.415254113563558,-0.8143772133976287,0.1356802300816673,0.0180107535943336,28.89360432919694,5.066181160872347,0.5351090557858574,High
2026-08-01,Balochistan,Kharan District,2.527059262182876,6.712259411145192,-0.7725685797310926,0.1306395819294658,0.0546473584772909,32.460283398050805,2.547389969916361,0.5349894458987743,High
2026-08-01,Punjab,Khanewal District,29.927896486041604,102.32196762457924,0.9498233010217924,0.1577154535752145,0.4017279888750619,33.857065319038945,10.35367373829399,0.5343825822551027,High
2026-08-01,Sindh,Malir District,24.231954789150176,39.90073395060812,-0.281750590173401,0.1387042324547955,0.0345662093700657,28.073469591918315,9.554468146321607,0.5246012685574969,High
2026-08-01,Punjab,Muzaffargarh District,26.28476384731143,78.52444826786422,0.3845033829359565,0.1441457123837614,0.351184179903683,34.095283806623314,21.425013317583176,0.5215775871034224,High
2026-08-01,Balochistan,Ziarat District,12.891269331890983,35.120739978142325,-0.7589821273143464,0.1445213950121096,0.1163394805782609,23.49841906369175,14.11189603705863,0.5194246576977664,High
2026-08-01,Balochistan,Kech District,2.52471024923579,10.49851345809359,-0.7379655207862029,0.1262671195968125,0.0413418137642721,30.3083222619859,2.145721375910572,0.5176717536360005,High
2026-08-01,Balochistan,Mastung District,4.489296739622333,10.68260006507866,-0.8714849225834027,0.1363946349530068,0.0889243465201607,26.492858349701923,7.839057008560233,0.5153115804113679,High
2026-08-01,Sindh,Thatta District,30.713622840549235,54.15882453198101,-0.0701458354667719,0.1567040852626022,0.1173331978196698,29.31755428908484,13.904814382683348,0.5148581900545183,High
2026-08-01,Balochistan,Jhal Magsi District,9.580864123682517,42.83941406832339,0.0703066202314314,0.1522431511598987,0.086666382981782,35.18862337458409,4.689533959682176,0.512872289706301,High
2026-08-01,Punjab,Multan District,26.028799398449785,75.70286349780895,0.5573707594235912,0.1494809744106703,0.3565085617586683,33.92844977853379,18.027920397503443,0.5107806262742219,High
2026-08-01,Sindh,Hyderabad District,27.199779912336044,50.00989200104142,-0.0314572068438402,0.1650027041941262,0.3859222849030994,30.851715356298808,12.835600590885718,0.5051640715936218,High
2026-08-01,Sindh,Karachi South District,24.320025181669426,37.791511666728105,-0.2448006519064533,0.1476771665196264,0.0036204728210767,28.14929647166929,26.06202903347956,0.4987720223606667,High
2026-08-01,Sindh,Ghotki District,18.012606863290152,46.624245676865975,0.0987981965494019,0.1579063455096862,0.2832815999898092,34.17615058652013,8.363528140877394,0.4916014670449368,High
2026-08-01,Balochistan,Kalat District,6.793749186596053,21.292027819767146,-0.5880252403261029,0.132090309457848,0.08134957683361,26.496810433789783,9.655565654149664,0.47628625453968404,High
2026-08-01,North-West Frontier,Nowshera District,155.00833597831075,341.18841720639506,1.8306300834278484,0.2143344340671982,0.3850099587791561,30.601694275898605,123.429991369067,0.47224914945928825,High
2026-08-01,North-West Frontier,Malakand Protected Area,153.16572545664528,314.2299345050748,0.7457295798805084,0.1957881263540853,0.4101356079473298,28.16072290329955,118.9138582609456,0.4657308469227276,High
2026-08-01,Federally Administered Tribal Areas,Bajaur Agency,93.74267676024664,212.8563862580678,0.0386118908109129,0.2014723326219269,0.3272507099796219,25.10706103394641,122.24396095474168,0.45936985563239197,High
2026-08-01,Sindh,Karachi East District,26.095298309587392,39.35510645138328,-0.2466972525788465,0.1497140557173339,-0.0154526828234003,28.237919956594546,13.782748933565822,0.45857335978533514,High
2026-08-01,North-West Frontier,Peshawar District,96.96975878600225,210.2893125142192,0.8090634894350266,0.1777418302718663,0.3894364592736433,31.902866717885747,79.54927949683156,0.45788130900413615,High
2026-08-01,Sindh,Karachi Central District,25.087358413685408,39.5452709330566,-0.2999016359939843,0.1492429669561057,-0.0140879277471445,28.117272380580427,16.492039469444446,0.45742365740141844,High
2026-08-01,Federally Administered Tribal Areas,Tribal Area Adj Kohat District,146.4882919660498,287.2857795639584,1.2856021884037292,0.1727726840937025,0.3474557936752884,29.70837509511477,78.84909143889104,0.45463251849242525,High
2026-08-01,Balochistan,Panjgur District,3.5460791054721588,18.06394786988053,-0.4451963948313643,0.130887167583821,0.0609150073993688,30.788731402140787,2.3363364665691053,0.45366899350458917,High
2026-08-01,Balochistan,Kohlu District,41.955682483380905,118.46695146016202,0.4710476686051868,0.1755745339703086,0.1391020667116054,31.638353590033717,10.491918582206951,0.4405847780629214,High
2026-08-01,Balochistan,Killa Saifullah District,16.557675924917998,59.31657974127344,0.0218395263510426,0.1581787092310601,0.0918469102481654,25.82138645388344,8.846655627704957,0.43209035845325855,High
2026-08-01,North-West Frontier,Lower Dir District,155.6107113134891,343.3143278602716,0.7682000431782045,0.2135614219763542,0.3301539565784372,23.62952351938225,122.65753505024038,0.4202578840505651,High
2026-08-01,North-West Frontier,Kohat District,135.60886163501263,298.55041334066186,1.249114834080386,0.1816810914701328,0.2892637031953761,31.33030581856376,73.7421312819252,0.4196738775387841,High
2026-08-01,North-West Frontier,Hangu District,115.28635666158846,277.0564261513276,1.1039478384486126,0.1862735430073023,0.3094863374405652,27.33401132993099,101.09960628113728,0.41645696071316296,High
2026-08-01,Sindh,Sanghar District,36.41028310487261,81.64700649569423,0.2088949270793486,0.1638611631096942,0.2624267310914633,31.65554459895589,14.032325272331422,0.4162765103199805,High
2026-08-01,Punjab,Rahim Yar Khan District,32.63193250043554,92.83363217314214,0.6252542068041067,0.1469129615834838,0.3464623808738383,33.93164054564176,20.71936497097876,0.4092914549137475,High
2026-08-01,North-West Frontier,Shangla District,199.1039301334062,425.8148960099193,1.834170895637291,0.252967782322799,0.3768270070895528,20.02935144014148,112.6516453036738,0.40771733677361494,High
2026-08-01,Sindh,Badin District,36.06326157063551,69.79918239329595,0.0556472873635571,0.1827120182723166,0.2065406066370771,30.483607270577643,16.869001084942532,0.40672818227526625,High
2026-08-01,Punjab,Attock District,215.6938958196688,439.7990422399398,1.9741330663829308,0.2244606323125256,0.4008047919677262,31.150572444578305,97.91157253830066,0.3982309028762456,Moderate
2026-08-01,Punjab,Lodhran District,43.77826534604105,97.64658870748794,0.9450679532547052,0.1711344039900982,0.3363319283241053,34.01310324889669,9.850593796266056,0.39345469400202665,Moderate
2026-08-01,Federally Administered Tribal Areas,Tribal Area Adj Peshawar Distt,143.9065723605463,296.6358505435451,1.1994114692111104,0.1696254791023183,0.3502399055555587,29.5109131160552,95.83884850714,0.3896357892078906,Moderate
2026-08-01,Balochistan,Loralai District,41.26264284839654,121.62129931836914,0.8092762125211647,0.1773101290203656,0.1373684897171843,27.71635463390942,10.908600950055815,0.3843390596184974,Moderate
2026-08-01,Federally Administered Tribal Areas,Tribal Area Adj D.I.Khan Distt,72.9626968422034,171.8690780102281,1.1923039750942008,0.1782029867739904,0.2015521225399728,29.4863169395592,87.70022350607691,0.37662043768526887,Moderate
2026-08-01,Sindh,Karachi West District,25.26626093512069,40.82995791321676,-0.3111519930397554,0.1448410998154346,0.00194909233744,27.97768141720776,10.609773400503023,0.3743834243715257,Moderate
2026-08-01,Punjab,Vehari District,48.22600483254671,133.8316021523895,1.4341994002034504,0.1557643197137923,0.3468906656925541,33.8192476453923,15.04173405436575,0.3742235784228516,Moderate
2026-08-01,Federally Administered Tribal Areas,South Waziristan Agency,43.62668463927319,141.24819687293103,0.7045766744488301,0.1821870782619151,0.1624803037562865,25.72597849840901,62.57558861390279,0.36208888595975686,Moderate
2026-08-01,Balochistan,Zhob District,33.125210901824055,105.91906851991524,0.8386368194211979,0.1753486782608975,0.1135217538183382,26.30551340958369,21.22723897011224,0.35637157218392573,Moderate
2026-08-01,Punjab,Dera Ghazi Khan District,47.85459349573093,133.79731531081012,0.7640559326888267,0.1585332182318104,0.2408919478041209,32.75143857661728,30.79322859748675,0.34460285335221813,Moderate
2026-08-01,North-West Frontier,Karak District,130.7212645277582,281.100420729064,1.0321791074365128,0.1770097731992873,0.1844200658241789,30.677548610705237,81.6389313052615,0.33986476934214904,Moderate
2026-08-01,Sindh,Mirpur Khas District,34.24407309993237,77.8468094926704,0.1719993087213604,0.1805450207782646,0.2709306733056826,31.049142307421164,15.419970696093852,0.33816833427182147,Moderate
2026-08-01,North-West Frontier,Swat District,118.46496793662486,257.7909123618101,0.9889616343177576,0.2514955861693265,0.2879940598876356,15.170484992648444,96.8042835885898,0.3315337645859268,Moderate
2026-08-01,North-West Frontier,Kohistan District,77.62307026432984,229.07864867757863,0.8316187520788427,0.2276843976571786,0.2286200570915036,13.796944143642571,94.09731452309114,0.331269728749534,Moderate
2026-08-01,Federally Administered Tribal Areas,T.A.Adj.Lakki Marwat District,52.82384468004352,174.4080896901257,1.1118121047797695,0.1767076067318601,0.1515998130543006,30.69669814772329,82.58566271555439,0.3183276760171905,Moderate
2026-08-01,Federally Administered Tribal Areas,North Waziristan Agency,56.29262467451467,191.0395349278353,0.954458247865118,0.194968971734749,0.2518494880665198,24.724744842998074,92.60160554579863,0.30780562149697754,Moderate
2026-08-01,North-West Frontier,Buner District,298.7817945380808,598.244367497834,2.1849679480426336,0.2859018056794321,0.397167082607351,25.836459733307592,129.18893650092213,0.3062544139292402,Moderate
2026-08-01,Federally Administered Tribal Areas,Kurram Agency,84.14725084174776,239.71639955525723,0.5225614065430805,0.1804257675338829,0.3478902365092869,22.42935024491636,101.63323949364276,0.29448731799993305,Moderate
2026-08-01,North-West Frontier,Tank District,65.74461989240656,143.52159468144026,0.7547649206983443,0.1686764996326555,0.1753516218973455,32.6260455070016,68.11688338317038,0.2813359355832858,Moderate
2026-08-01,North-West Frontier,Mardan District,207.17990408328896,396.2868287993854,1.7573257909791111,0.2114900946546405,0.5120568992752725,30.022660261052597,115.54863442642836,0.27056057800662403,Moderate
2026-08-01,North-West Frontier,Charsadda District,86.34268793174378,203.8052931808985,0.4919696201714847,0.1913594800259982,0.5201411786135239,31.9880882856036,71.71216262976108,0.25929975244497055,Moderate
2026-08-01,North-West Frontier,Batagram District,204.0793831222595,530.7711721736471,1.7953710325346284,0.2531319810784069,0.2345439491451815,16.54631421113341,104.96972892232594,0.2549681984552169,Moderate
2026-08-01,Punjab,Chakwal District,218.1283438438848,446.4012707182816,1.9650890009842563,0.2103196353637891,0.3723074077289786,30.46321517096416,88.85478471980387,0.24975479550578109,Moderate
2026-08-01,North-West Frontier,Swabi District,263.0926673759169,548.8290694425017,2.1957109833958413,0.2689193878312979,0.5046905872392791,29.063314876608956,137.2454803621082,0.24855339274757587,Moderate
2026-08-01,Punjab,Sialkot District,373.6994871112347,863.1658522890543,2.475512519691243,0.2820983597685066,0.4142124015015982,29.57340441344895,131.51148263890872,0.24844645331731122,Moderate
2026-08-01,Punjab,Jhang District,63.49278880970788,181.410479635322,1.3360523522739336,0.1649380648489117,0.4329019615495642,33.52664264875031,40.382857672922015,0.24803840506571842,Moderate
2026-08-01,North-West Frontier,Upper Dir District,125.06068799449454,290.16617452805593,0.3840823647788869,0.2160427437172195,0.3392390482618649,15.6970023265753,101.27877285103789,0.2434687413170499,Moderate
2026-08-01,Federally Administered Tribal Areas,Tribal Area Adj Tank Distt,62.18569337859183,158.02154235125488,0.8275739335531284,0.1785098727857261,0.1695756831101185,29.32057865736491,79.91944383532488,0.24310585179776875,Moderate
2026-08-01,Punjab,Rawalpindi District,388.8756699520822,768.8661438185309,2.2878454336430503,0.2839977290098445,0.3945148207958628,28.327632397409516,120.19842943555572,0.22839570909205326,Moderate
2026-08-01,Punjab,Toba Tek Singh District,58.030350165750896,157.47939036870022,1.352045495828111,0.161205851655835,0.4247902960003765,33.180233142300544,30.38081458815139,0.22610049754421818,Moderate
2026-08-01,North-West Frontier,Chitral District,35.7515757276194,115.69249452008124,0.1932933442451665,0.2258089667673584,0.0890891581125038,10.541881026553826,46.15840347186559,0.22567119503793165,Moderate
2026-08-01,Islamabad,Islamabad District,477.97788892458544,866.0721331835132,2.4221233646086957,0.3002606734581253,0.3631453074710722,28.092848255889173,125.52353675436792,0.21878862341885544,Moderate
2026-08-01,Punjab,Kasur District,144.83392391963977,364.8452317651904,1.7198159125198875,0.1697213438542782,0.5199400583883261,31.33342628535121,88.54366000466797,0.2184088462004663,Moderate
2026-08-01,North-West Frontier,D. I. Khan District,79.16611557552973,155.40157981545246,0.8842778650812387,0.1651528362207799,0.2293647877220833,33.804630649281016,56.43949893516252,0.21765906809826924,Moderate
2026-08-01,Punjab,Gujranwala District,235.2626304477059,538.7018031976576,2.2200739850550826,0.2456861881950191,0.4914488623703654,30.480925068966183,126.37777850979904,0.21696087236602302,Moderate
2026-08-01,Punjab,Gujrat District,368.2316769972648,826.777737322092,2.555323397353022,0.2661608513948079,0.4340428107708335,29.67768662249286,128.0378024332232,0.2132633574824198,Moderate
2026-08-01,Sindh,Umer Kot District,40.77848935470941,106.85856221220916,0.4441832495225333,0.2056712239971412,0.1822316271053572,30.94763547410309,32.53152953981668,0.21246711252460815,Moderate
2026-08-01,Punjab,Okara District,64.8195278901907,218.28643573482003,1.4365031964013906,0.1720955951048353,0.5510318828185311,32.040224167992264,76.05324575106451,0.20821538746911736,Moderate
2026-08-01,Punjab,Layyah District,63.52074248491294,130.1642240544511,0.8823611981590843,0.1537735632691474,0.2539143475521737,34.57970745358452,31.36494655965897,0.20650189393437254,Moderate
2026-08-01,Punjab,Bahawalpur District,63.04939190743863,139.48087408334698,0.9408559012487564,0.1573127282368331,0.2074155117310299,34.30611549641955,16.332110620864235,0.20411715058174676,Moderate
2026-08-01,Federally Administered Tribal Areas,Tribal Area Adj Bannu District,80.85837445077783,216.8362966390266,1.0852829363431635,0.1664662485393769,0.2081425256369765,30.438107793103143,66.52072104707099,0.2034319677285761,Moderate
2026-08-01,North-West Frontier,Bannu District,74.80531858190128,186.18541431582528,0.9318577848323571,0.1648563220413453,0.2381843415419076,32.11949164636416,71.572606581151,0.1977690002307639,Low
2026-08-01,North-West Frontier,Haripur District,335.35363979326195,668.4887680549131,2.2775970072504106,0.2852827357413477,0.4391120105923929,27.722941906463934,130.4729772544826,0.1970562585199408,Low
2026-08-01,Punjab,Jhelum District,275.1465141904476,654.788228805344,2.367796524590709,0.2412250256138232,0.4335548328260727,30.25464872910966,116.8998330859212,0.1899506091107811,Low
2026-08-01,Punjab,Pakpattan District,65.37453436786522,201.5061960786124,1.6520595668422131,0.1729626290187611,0.4688560232500762,32.72975480325776,54.50274628318522,0.18993103068456715,Low
2026-08-01,Punjab,Sheikhupura District,146.340727672833,438.3984672169121,1.9217815742972093,0.2052219345811064,0.4975247316736501,31.263410889518045,99.60280584257212,0.18724812918180397,Low
2026-08-01,Punjab,Lahore District,205.6231884586653,561.5921708779009,1.878727348145376,0.1983427294549382,0.3516491402730212,30.78236009367143,104.1628731451711,0.18123781276555376,Low
2026-08-01,Punjab,Sahiwal District,62.85299556628792,187.574749178906,1.4714616065882518,0.1722348311147279,0.4309943075519091,32.929293390771115,39.4857148605129,0.16652686706634673,Low
2026-08-01,Punjab,Narowal District,321.80814959683494,881.8111687757103,2.2382513647363598,0.2837078135807168,0.4104263225177255,29.20794099352393,122.80074259293542,0.16178677527416202,Low
2026-08-01,Balochistan,Barkhan District,68.55643699570903,206.3353981624526,1.0176733716428568,0.1918504940871844,0.2313460449610497,28.74653901902993,36.0541277692533,0.15289090666956537,Low
2026-08-01,Balochistan,Musakhel District,67.68278084085482,186.89986526568484,1.1755746201618198,0.1973416875739101,0.2102511978335181,26.90538733329325,58.55204659035584,0.13921062639864695,Low
2026-08-01,Punjab,Bhakkar District,107.6152015857765,221.6440097187492,1.4702748683497109,0.1696591419609338,0.2004381325974085,34.65953606443473,34.398100036169104,0.1372954814391687,Low
2026-08-01,Punjab,Faisalabad District,87.2669476251536,250.8929510699807,1.4650615394798554,0.1763503353332113,0.4387891364538342,32.29215705042472,70.76222522186279,0.13121449502204996,Low
2026-08-01,North-West Frontier,Mansehra District,220.4112928088996,552.3245696655274,1.9422524169261317,0.2737531244908152,0.266713286532252,17.604730456344896,101.26777268851738,0.12941545142578104,Low
2026-08-01,Punjab,Mianwali District,147.8128364794261,300.6527848402781,1.3739106720698486,0.1780644574271949,0.2814433259522587,32.64987014139831,70.64209207394158,0.12877957358360154,Low
2026-08-01,North-West Frontier,Abbottabad District,381.6429610048223,822.4084648554896,2.110000065256099,0.294513486698099,0.2536615847806909,22.994741984645525,122.25751534782444,0.1223824056328371,Low
2026-08-01,Punjab,Sargodha District,124.22634544516526,310.9542884496742,1.7686876649915555,0.2026026734398266,0.4526484163985701,32.29851249388776,76.98261236890119,0.12231311617593853,Low
2026-08-01,North-West Frontier,Lakki Marwat District,96.48670528373248,203.3595974555188,0.9261647351206644,0.1767880975878256,0.1195003581562841,32.47710330719021,75.00978185496565,0.11526553306081304,Low
2026-08-01,Punjab,Khushab District,121.73166297478484,284.41165771106955,1.5847728706399462,0.1809454843215689,0.2787822040504447,32.69087056625319,54.79823056885608,0.11429956635669881,Low
2026-08-01,Punjab,Hafizabad District,143.97870754337194,349.4195675564077,1.908338528686658,0.2167092427695479,0.5221823326573128,31.468383425908264,102.72224173556992,0.10958875168610924,Low
2026-08-01,Punjab,Mandi Bahauddin District,235.1311076778067,524.4677794159447,2.393442952542398,0.2379838544756467,0.4886762918641157,31.198375659938204,104.87432325019611,0.10774384994056689,Low
2026-08-01,Punjab,Bahawalnagar District,60.28456967237256,172.01202274763307,1.4597350392838513,0.168636057351647,0.3653042560037076,33.37264337041247,38.45960610062355,0.10240872816571762,Low
2026-08-01,Sindh,Tharparkar District,39.98411378974529,137.61311897522313,0.4039508809545207,0.2215009964728257,0.0732309828964743,29.443641133324547,58.74555535059204,0.06509497557303473,Low
